{
    "ResNet50": {
        "intervals": [
            1,
            5,
            10,
            15,
            20
        ],
        "origin_tf": [
            239.14854049682617,
            26.073841094970696,
            13.071440696716303,
            7.6062495231628375,
            6.067889714241025
        ],
        "checkfreq": [
            207.04257607460022,
            22.694720864295952,
            12.651295900344843,
            7.226267528533931,
            5.457426810264584
        ],
        "gemini": [
            204.89471077919006,
            22.26902270317077,
            11.643867135047907,
            6.59602947235107,
            3.9430755615234343
        ],
        "variable": [
            12.002966403961175,
            2.4005932807922292,
            1.2002966403961253,
            0.8001977602640764,
            0.6001483201980662
        ]
    },
    "GPT-2": {
        "intervals": [
            1,
            5,
            10,
            15,
            20
        ],
        "origin_tf": [
            657.091873884201,
            92.43503868579865,
            44.51704025268555,
            17.09639263153076,
            14.486711740493774
        ],
        "checkfreq": [
            530.5679142475128,
            77.2400814294815,
            39.99900043010712,
            15.86543321609497,
            13.717180609703064
        ],
        "gemini": [
            530.1437616348267,
            61.5221482515335,
            34.26115131378174,
            15.346689701080322,
            12.377248406410217
        ],
        "variable": [
            33.03045630455017,
            6.606091260910034,
            3.303045630455017,
            2.2020304203033447,
            1.6515228152275085
        ]
    },
    "BERT": {
        "intervals": [
            1,
            5,
            10,
            15,
            20
        ],
        "origin_tf": [
            615.8375859260559,
            88.68132293224335,
            44.65147256851196,
            14.471953392028809,
            11.51111376285553
        ],
        "checkfreq": [
            495.6869959831238,
            72.64193296432495,
            35.47123908996582,
            14.047310829162598,
            10.97619080543518
        ],
        "gemini": [
            489.4563615322113,
            52.591795325279236,
            31.72388947010038,
            13.179196834564209,
            10.687564373016357
        ],
        "variable": [
            28.236389160156193,
            5.64727783203125,
            2.823638916015625,
            1.8824259440104072,
            1.4118194580078125
        ]
    },
    "RoBERTa": {
        "intervals": [
            1,
            5,
            10,
            15,
            20
        ],
        "origin_tf": [
            730.7329654693604,
            104.89958047866821,
            51.54291868209839,
            20.720791339874268,
            16.126623272895813
        ],
        "checkfreq": [
            567.6457643508911,
            81.01620674133301,
            39.18586850166321,
            17.853666305541992,
            14.583508014678955
        ],
        "gemini": [
            558.4667026996613,
            65.74314773082733,
            38.21461462974548,
            16.5525484085083,
            11.595122694969177
        ],
        "variable": [
            34.98426079750061,
            6.996852159500122,
            3.498426079750061,
            2.332284053166717,
            1.7492130398750305
        ]
    },
    "T5": {
        "intervals": [
            1,
            5,
            10,
            15,
            20
        ],
        "origin_tf": [
            337.8120720386505,
            46.304476857185364,
            20.752644538879395,
            11.219876289367676,
            7.92516303062439
        ],
        "checkfreq": [
            283.75163674354553,
            45.54566025733948,
            20.663244128227234,
            10.963728904724121,
            6.874720931053162
        ],
        "gemini": [
            280.520361661911,
            35.456310510635376,
            19.99610435962677,
            7.682572364807129,
            5.130510449409485
        ],
        "variable": [
            27.24381923675537,
            5.448763847351074,
            2.724381923675537,
            1.8162546157836914,
            1.3621909618377686
        ]
    },
    "DistilBERT": {
        "intervals": [
            1,
            5,
            10,
            15,
            20
        ],
        "origin_tf": [
            369.4118082523346,
            53.267536759376526,
            23.882643580436707,
            10.875772953033447,
            8.331000924110413
        ],
        "checkfreq": [
            307.0975661277771,
            44.10122215747833,
            22.352781295776367,
            10.12731122970581,
            7.315493702888489
        ],
        "gemini": [
            300.21724700927734,
            22.624674201011658,
            15.519999742507933,
            10.036888599395752,
            6.886744737625122
        ],
        "variable": [
            11.742507219314575,
            2.348501443862915,
            1.1742507219314575,
            0.7828338146209717,
            0.5871253609657288
        ]
    }
}